date,close,volume,daily_return,MA7,MA30,RSI,lag_1,lag_3,lag_7,volatility_7,volatility_14
2025-01-31 00:00:00,104781.5135100103,42122570869.034325,0.0102443556429072,103422.22244947562,99902.3359884467,60.33495426457041,103718.97939813643,101958.46953745594,104067.60991206949,0.014419118272251119,0.02169157459860174
2025-02-01 00:00:00,102382.39409722164,37187819228.35328,-0.0228963996837043,103071.82267257021,100168.94325450786,45.80590926277071,104781.5135100103,101313.11264498268,104835.19253555956,0.016587853092761028,0.019820459914252374
2025-02-02 00:00:00,100674.78762544956,22827776122.48367,-0.0166787120659684,102483.0722222941,100296.36461494447,41.95067007462002,102382.39409722164,103718.97939813643,104796.04077738234,0.017246934610876674,0.020229357914499348
2025-02-03 00:00:00,97568.31653024876,59784234332.21204,-0.030856495141148,101771.08190621505,100279.16373952587,41.86376599110938,100674.78762544956,104781.5135100103,102552.24874280208,0.01897422570758415,0.02039022805628497
2025-02-04 00:00:00,101466.8606657039,122163969235.23686,0.0399570708411936,101700.85206739334,100386.16780276601,49.43098707767993,97568.31653024876,102382.39409722164,101958.46953745594,0.026009319941008052,0.023309542911638035
2025-02-05 00:00:00,98118.43921664466,73196693057.98114,-0.03300014829562,101244.47014905931,100377.96279445423,33.95008796246306,101466.8606657039,100674.78762544956,101313.11264498268,0.028823608205397904,0.021226611186246157
2025-02-06 00:00:00,96582.88682919052,48848958931.79228,-0.0156499879096492,100225.02835349563,100189.74587103067,35.31826365086894,98118.43921664466,97568.31653024876,103718.97939813643,0.026179536085666998,0.02080307727070718
2025-02-07 00:00:00,96635.41875332213,44462180396.17252,0.0005439050939168,99061.30053111158,100179.18986721641,34.39029173536028,96582.88682919052,101466.8606657039,104781.5135100103,0.025176739418889857,0.020716951909417563
2025-02-08 00:00:00,96558.4563096667,57077722340.22422,-0.0007964206566113,98229.30941860375,100230.58126387557,32.09714657231724,96635.41875332213,98118.43921664466,102382.39409722164,0.024852922812345128,0.020452442526985627
2025-02-09 00:00:00,96558.23762501092,20760850644.84597,-2.264790305628317e-06,97641.2308471125,100369.97999192725,32.15129805327456,96558.4563096667,96582.88682919052,100674.78762544956,0.024688769519861823,0.020460067199800425
2025-02-10 00:00:00,96548.57865379583,25457107581.051964,-0.0001000325964171,97495.55400761924,100430.37838898387,35.597614516297185,96558.23762501092,96635.41875332213,97568.31653024876,0.022059558313293218,0.019983429916478786
2025-02-11 00:00:00,97399.98161383196,37054987393.57789,0.0088183893735929,96914.57128592324,100525.05938703686,39.19802272000706,96548.57865379583,96558.4563096667,101466.8606657039,0.014035238497428888,0.020268593338238782
2025-02-12 00:00:00,95739.9773707924,36454577154.5622,-0.0170431679301653,96574.79102223007,100567.89960285035,37.3995891383836,97399.98161383196,96558.23762501092,98118.43921664466,0.009400605595827572,0.020600601807490924
2025-02-13 00:00:00,97836.18856127484,47115618235.19051,0.0218948369118994,96753.83412681354,100680.56090906954,36.51060255028124,95739.9773707924,96548.57865379583,96582.88682919052,0.011713451043965175,0.02041495979669566
2025-02-14 00:00:00,96561.6639990985,29084371910.69056,-0.0130271281099437,96743.29773335301,100680.14711943973,31.333143323146544,97836.18856127484,97399.98161383196,96635.41875332213,0.013025350060378953,0.02011384498805459
2025-02-15 00:00:00,97488.48148536457,32289906944.92862,0.009598192987589,96876.15847273843,100585.99142234241,38.089730441592764,96561.6639990985,95739.9773707924,96558.4563096667,0.013507860192722244,0.019841279251932107
2025-02-16 00:00:00,97569.95169430463,14215311318.346336,0.0008356906138937,97020.68905406611,100503.50383656046,41.794307021493736,97488.48148536457,97836.18856127484,96558.23762501092,0.013496569874679063,0.01948243960239832
2025-02-17 00:00:00,96149.3484548204,13634794998.739267,-0.0145598436282423,96963.65616849819,100236.45899889305,45.882973531331764,97569.95169430463,96561.6639990985,96548.57865379583,0.014834661985909466,0.018064754937483392
2025-02-18 00:00:00,95776.15723852724,25324374113.08163,-0.0038813702046927,96731.68125774038,99951.17704826916,29.24248052071883,96149.3484548204,97488.48148536457,97399.98161383196,0.014271331879288715,0.013714419096614387
2025-02-19 00:00:00,95495.89153299289,38311133144.72936,-0.0029262575740679,96696.81185234044,99758.52886109753,37.6753203602177,95776.15723852724,97569.95169430463,95739.9773707924,0.012760100629388751,0.010891906492556563
2025-02-20 00:00:00,96554.87156259285,27703222487.38957,0.0110892731886176,96513.76656681446,99584.86095979378,49.86216816018698,95495.89153299289,96149.3484548204,97836.18856127484,0.009978736383869632,0.010632541876711761
2025-02-21 00:00:00,98384.31738240314,24175261969.81266,0.0189472140577011,96774.14562157224,99324.93031186782,57.32384530129602,96554.87156259285,95776.15723852724,96561.6639990985,0.011241871983900958,0.011776786368083646
2025-02-22 00:00:00,96135.15541305284,42477472950.92155,-0.0228609805829946,96580.81332552772,99073.65098912365,48.50020476251301,98384.31738240314,95495.89153299289,97488.48148536457,0.014232735054929325,0.013443981166837489
2025-02-23 00:00:00,96564.15414290236,18464415570.762142,0.004462454218816,96437.12796104167,98823.53579681808,50.02034462958519,96135.15541305284,96554.87156259285,97569.95169430463,0.014414116671469518,0.013502620782313195
2025-02-24 00:00:00,96327.46309127836,16643044374.983364,-0.0024511274781502,96462.5729091071,98539.94481534204,49.25135756350799,96564.15414290236,98384.31738240314,96149.3484548204,0.013249743490131739,0.013519763576181254
2025-02-25 00:00:00,91396.76686930266,45539703844.38777,-0.0511868169652038,95836.94571350359,98093.3023517394,34.07387090828277,96327.46309127836,96135.15541305284,95776.15723852724,0.02370242571406159,0.018916554974164626
2025-02-26 00:00:00,88755.7693356979,96742453402.56294,-0.028895962341659,94874.07111389002,97633.41970483592,32.38806567909471,91396.76686930266,96564.15414290236,95495.89153299289,0.025058425514705315,0.019773462364554822
2025-02-27 00:00:00,83900.11496524839,69277430795.68657,-0.054708042156495,93066.24874284082,97031.474552429,19.150913689976107,88755.7693356979,96327.46309127836,96554.87156259285,0.027947233316369016,0.022151349678570756
2025-02-28 00:00:00,84709.14477847965,81960688217.70384,0.0096427735953206,91112.65265656602,96478.00895687891,23.21101753660588,83900.11496524839,91396.76686930266,98384.31738240314,0.0259631752047829,0.022786318107062473
2025-03-01 00:00:00,84441.9012237131,80695237175.07367,-0.0031548371249103,89442.18777237463,95835.43968439814,19.60600317120928,84709.14477847965,88755.7693356979,96135.15541305284,0.026765606381804346,0.02223102063703608
2025-03-02 00:00:00,86005.25629681018,30634474722.6359,0.0185139729262522,87933.77379436146,95209.56444395812,24.798341689724282,84441.9012237131,83900.11496524839,96564.15414290236,0.029154926827444323,0.02336542435345224
2025-03-03 00:00:00,94261.5328653844,61859112550.80991,0.0959973485815939,87638.64090494804,94938.86906956353,46.8303956147812,86005.25629681018,84709.14477847965,96327.46309127836,0.05177202992430943,0.03632552698216333
2025-03-04 00:00:00,86124.71418722175,68715362745.4567,-0.0863217309417502,86885.49052179362,94453.86662162261,37.146358947384485,94261.5328653844,84441.9012237131,91396.76686930266,0.0585926765908025,0.04294055228857358
2025-03-05 00:00:00,87310.80531078295,65863356680.42408,0.0137717858892725,86679.06708966292,94111.94958097374,39.35603989582951,86124.71418722175,86005.25629681018,88755.7693356979,0.05815162859301764,0.04328407594607471
2025-03-06 00:00:00,90604.08098523636,51606642859.81411,0.0377189932303452,87636.77652108976,93749.85692495816,42.68652398262937,87310.80531078295,94261.5328653844,83900.11496524839,0.05425911441070283,0.04463377369941295
2025-03-07 00:00:00,90001.40087607042,47555759124.64708,-0.0066517987116292,88392.81310645989,93479.28898027235,39.37714121727875,90604.08098523636,86124.71418722175,84709.14477847965,0.05474000116716974,0.04416048585719997
2025-03-08 00:00:00,86773.33597555371,63216440874.73251,-0.0358668295059281,88725.87521386567,93152.3039518178,38.42386889459765,90001.40087607042,87310.80531078295,84441.9012237131,0.05738099972791944,0.04468885309974445
2025-03-09 00:00:00,86142.9833586432,18809360803.37126,-0.0072643584555524,88745.55050841326,92802.55610532849,37.177802867963365,86773.33597555371,90604.08098523636,86005.25629681018,0.0572192446867893,0.0445800367932853
2025-03-10 00:00:00,80751.13893300897,32013406240.51754,-0.0625918004625647,86815.4942323596,92275.64552610657,32.9924499093803,86142.9833586432,90001.40087607042,94261.5328653844,0.043338510511889965,0.046922849151288686
2025-03-11 00:00:00,78783.94057934263,49983692766.22745,-0.0243612459175136,85766.81228837688,91683.16895791763,35.275326524278896,80751.13893300897,86773.33597555371,86124.71418722175,0.032835264316692675,0.04570958164645035
2025-03-12 00:00:00,82799.1080292053,56404462275.083046,0.0509642881574199,85122.28410529437,91224.85327043128,43.262160709470095,78783.94057934263,86142.9833586432,87310.80531078295,0.039968456287619594,0.04803788857310338
2025-03-13 00:00:00,83884.24578828987,41782186208.59073,0.0131056696734199,84162.30764858772,90774.32874291322,49.980375733890405,82799.1080292053,80751.13893300897,90604.08098523636,0.036307554068379835,0.045889302959338255
2025-03-14 00:00:00,81098.90052436228,32583592654.882656,-0.033204629042709,82890.521884058,90286.29284803222,45.74352508727677,83884.24578828987,78783.94057934263,90001.40087607042,0.03722841025900488,0.04668786876744948
2025-03-15 00:00:00,83971.70916064628,28571483950.07465,0.0354235213758662,82490.28948192837,89824.14353467793,49.47773169326918,81098.90052436228,82799.1080292053,86773.33597555371,0.03995630118538559,0.04774703822146179
2025-03-16 00:00:00,84391.69087647168,10761796127.312485,0.0050014668038009,82240.10484161813,89418.47776392371,48.1610131651065,83971.70916064628,83884.24578828987,86142.9833586432,0.04005758997810284,0.04749426233488451
2025-03-17 00:00:00,82610.61750343916,21638031633.118767,-0.0211048428409801,82505.74463739389,88922.5489645262,34.422177256890905,84391.69087647168,81098.90052436228,80751.13893300897,0.031872453510708144,0.03873281764229788
2025-03-18 00:00:00,84075.36559694471,19659366246.596867,0.017730748634636,83261.66249705132,88472.72942794752,46.66488093106248,82610.61750343916,83971.70916064628,78783.94057934263,0.02958703052301597,0.032101862464235006
2025-03-19 00:00:00,82780.03048688271,24557570268.85276,-0.0154068329155035,83258.93713386239,88027.08549568293,42.652721365436214,84075.36559694471,84391.69087647168,82799.1080292053,0.02432752143431013,0.031999453465293586
2025-03-20 00:00:00,86815.44109470697,33871216993.304657,0.0487486001646702,83677.6793204934,87728.3949575556,44.00059844422885,82780.03048688271,82610.61750343916,83884.24578828987,0.03043685823555463,0.033200833593252266
2025-03-21 00:00:00,84270.84358966233,27579127651.06656,-0.0293104253455182,84130.8140441077,87354.2266927779,41.451284371532864,86815.44109470697,84075.36559694471,81098.90052436228,0.02964069491417755,0.0339605894424696
2025-03-22 00:00:00,84009.532917822,18091004975.919056,-0.0031008431945065,84136.21743798994,86936.04873795221,45.47663687444276,84270.84358966233,82780.03048688271,83971.70916064628,0.02666579149834199,0.032712982534205695
2025-03-23 00:00:00,83793.30854192551,7771134681.982918,-0.0025738076190472,84050.73424734049,86449.68177660296,46.101572003839756,84009.532917822,86815.44109470697,84391.69087647168,0.026599920963752337,0.03267684708308411
2025-03-24 00:00:00,85787.70914901773,12617587530.619724,0.0238014304697651,84504.60448242314,86104.76690113512,59.418114514497034,83793.30854192551,84270.84358966233,82610.61750343916,0.026276483999486053,0.02808225693242816
2025-03-25 00:00:00,87327.72969669085,27270889835.1835,0.0179515289888207,84969.22792524402,85796.88608626141,66.2358076826784,85787.70914901773,84009.532917822,84075.36559694471,0.026293460710321466,0.026969583535577366
2025-03-26 00:00:00,87520.58391530563,30351832942.7056,0.0022083961106582,85646.44984359015,85503.32344706231,60.497184663820484,87327.72969669085,83793.30854192551,82780.03048688271,0.024729827340747523,0.023932270598999
2025-03-27 00:00:00,86960.8555491039,25522877558.70056,-0.0063953911315695,85667.22333707543,85355.45973638902,57.003806911468224,87520.58391530563,85787.70914901773,86815.44109470697,0.01736343238665759,0.023943673460987972
2025-03-28 00:00:00,87227.27158032371,24620445368.489468,0.0030636316712566,86089.57019288419,85304.50981120988,65.758291244464,86960.8555491039,87327.72969669085,84270.84358966233,0.011442751248436056,0.02159010777560174
2025-03-29 00:00:00,84359.46915506005,31674486232.09732,-0.0328773601799847,86139.5610839182,85319.82161753693,50.99733003160178,87227.27158032371,87520.58391530563,84009.532917822,0.01838316163132609,0.022004406778163087
2025-03-30 00:00:00,82679.17255385047,16837439419.924389,-0.0199182927303757,85980.39879990749,85252.15587671594,45.86352598218072,84359.46915506005,86960.8555491039,83793.30854192551,0.02000184932209661,0.02261624477704581
2025-03-31 00:00:00,82356.38111183756,13428975108.070734,-0.0039041445631627,85490.2090803103,85182.63853965345,49.339369012483196,82679.17255385047,87227.27158032371,85787.70914901773,0.016548998447801496,0.0219095125118106
2025-04-01 00:00:00,82514.09365397849,30326148749.91535,0.0019150008780346,84802.54678849426,85066.26645155904,45.647391813227415,82356.38111183756,84359.46915506005,87327.72969669085,0.013572035507433721,0.021324971528137573
2025-04-02 00:00:00,85237.5876052852,29172899851.734768,0.0330064093381141,84476.40445849134,84765.46827622241,56.34599369092389,82514.09365397849,82679.17255385047,87520.58391530563,0.020600179955637184,0.022711752130398104
2025-04-03 00:00:00,82526.4221526433,46332905657.77597,-0.0318071584240119,83842.91397328269,84645.52520840314,38.111694132013,85237.5876052852,82356.38111183756,86960.8555491039,0.023246631688689554,0.02010126285145365
2025-04-04 00:00:00,83163.98757387721,36594464539.14662,0.007725591448211,83262.44482950462,84507.29795050627,46.569331364358604,82526.4221526433,82514.09365397849,87227.27158032371,0.023653484605340523,0.018829287269917214
2025-04-05 00:00:00,83852.00765399594,35647289400.47406,0.0082730530388233,83189.9503293526,84282.22883946494,49.52433692865789,83163.98757387721,85237.5876052852,84359.46915506005,0.020983032721422188,0.018966272640424043
2025-04-06 00:00:00,83595.88550177493,14910400035.531416,-0.0030544546205484,83320.90932191323,84068.71166032174,49.40529460367508,83852.00765399594,82526.4221526433,82679.17255385047,0.01930622512777456,0.018971789530293076
2025-04-07 00:00:00,78211.48358199988,36140377231.68329,-0.0644098915569322,82728.78110336499,83783.31658053662,31.04843579069501,83595.88550177493,83163.98757387721,82356.38111183756,0.031772360155823444,0.024345667050473845
2025-04-08 00:00:00,79179.29226757778,82909748172.59216,0.0123742530029264,82252.38090530774,83551.19354416778,29.016372614813505,78211.48358199988,83852.00765399594,82514.09365397849,0.03249414194563488,0.02396086612746085
2025-04-09 00:00:00,76329.090356324,47812787635.22632,-0.035996809640857,80979.73844117043,83403.79192494493,24.64951213275124,79179.29226757778,83595.88550177493,85237.5876052852,0.029195616195226336,0.02502042567884731
2025-04-10 00:00:00,82622.17029546302,87408220482.11568,0.0824466780589325,80993.41674728754,83531.73291548228,42.19853957170822,76329.090356324,78211.48358199988,82526.4221526433,0.045688627261615156,0.03508937434195917
2025-04-11 00:00:00,79596.35732250768,41213520154.25157,-0.0366222886924272,80483.75528280619,83424.97455859237,37.517428712238235,82622.17029546302,79179.29226757778,83163.98757387721,0.04764186953684537,0.03614184747521112
2025-04-12 00:00:00,83439.28818043756,39813566443.76779,0.0482802352670379,80424.79535801212,83410.14263833061,48.541312592364704,79596.35732250768,76329.090356324,83852.00765399594,0.051760962100294745,0.037948522015026576
2025-04-13 00:00:00,85305.09728392666,22428929482.06912,0.0223612778126087,80668.96846974807,83550.34919698277,54.13832326838504,83439.28818043756,82622.17029546302,83595.88550177493,0.05236361127184636,0.037934151488317254
2025-04-14 00:00:00,83600.82010054543,28731125717.93436,-0.019978608988731,81438.87368668316,83537.98622831274,51.87934014785609,85305.09728392666,79596.35732250768,78211.48358199988,0.04483158252312014,0.038396361969943095
2025-04-15 00:00:00,84523.4524914945,33155578229.34352,0.0110361643562759,82202.32514724271,83542.37828214682,52.96599022117259,83600.82010054543,83439.28818043756,79179.29226757778,0.04482465977915356,0.03847665998651146
2025-04-16 00:00:00,83656.49248858042,25084671427.622566,-0.010257034909942,83249.09688042218,83577.24078165153,47.53083427189644,84523.4524914945,85305.09728392666,76329.090356324,0.04132042756123671,0.037555968697590494
2025-04-17 00:00:00,84105.77942167096,26948109141.803364,0.0053706164306597,83461.04104130903,83578.25457580909,52.6539439922677,83656.49248858042,83600.82010054543,82622.17029546302,0.028192658932493862,0.036485425340731875
2025-04-18 00:00:00,84930.90857600998,19323821375.14309,0.0098106118273058,84223.11979180937,83649.95051211333,52.95052613922181,84105.77942167096,84523.4524914945,79596.35732250768,0.022166618481727667,0.03651497958950023
2025-04-19 00:00:00,84433.75017215389,9550691272.782003,-0.0058536805056212,84365.18579062598,83570.5608146949,50.977665556015424,84930.90857600998,83656.49248858042,83439.28818043756,0.014510048571281553,0.03652695550350034
2025-04-20 00:00:00,85126.66244301842,12635983530.804457,0.0082065793530636,84339.69509906766,83599.08810980675,52.53537261587929,84433.75017215389,84105.77942167096,85305.09728392666,0.011919573898693935,0.03655223241945283
2025-04-21 00:00:00,85073.16544858096,12625843856.313684,-0.0006284399376431,84550.03014878703,83634.54252749872,63.802037109038345,85126.66244301842,84930.90857600998,83600.82010054543,0.008260597318407947,0.031238704982844732
2025-04-22 00:00:00,87452.04699068287,40070025414.28289,0.0279627721568644,84968.4007915282,83756.50047579063,65.74648873151531,85073.16544858096,84433.75017215389,84523.4524914945,0.012537195723920931,0.031739233826087385
2025-04-23 00:00:00,93576.1658857398,53841992235.36636,0.0700283081505159,86385.4969911224,84016.11570034803,79.1902908122737,87452.04699068287,85126.66244301842,83656.49248858042,0.025907159050462703,0.03315877168834271
2025-04-24 00:00:00,93605.45230873208,39901515879.65954,0.000312968828281,87742.59311784543,84225.3731207494,73.59084754609684,93576.1658857398,85073.16544858096,84105.77942167096,0.026333490041010446,0.027038059460982495
2025-04-25 00:00:00,93872.81422867288,30031246761.09345,0.0028562643878795,89020.00821108298,84437.11413119499,84.78627799259674,93605.45230873208,87452.04699068287,84930.90857600998,0.0267206626635979,0.023739026539963338
2025-04-26 00:00:00,94773.11200643536,39336184715.04292,0.0095906124170237,90497.05990169464,84697.5226797727,82.23937860123225,93872.81422867288,93576.1658857398,84433.75017215389,0.025343003515470523,0.0213343388365108
2025-04-27 00:00:00,94644.06637120109,15445392739.787264,-0.0013616270744123,91856.68903429214,84944.74917280194,79.47749560275466,94773.11200643536,93605.45230873208,85126.66244301842,0.026135924282494397,0.021162326789796484
2025-04-28 00:00:00,93809.33781968225,15926259371.05796,-0.0088196606879186,93104.71365873519,85259.74479495602,84.09363193681104,94644.06637120109,93872.81422867288,85073.16544858096,0.027144256279684285,0.020231345426921274
2025-04-29 00:00:00,95030.60645474444,31913814736.53902,0.0130186254742536,94187.36501074399,85671.45925831916,84.404715028831,93809.33781968225,94773.11200643536,87452.04699068287,0.026476202461235783,0.020257784178096216
2025-04-30 00:00:00,94256.35946318062,25882629766.278942,-0.0081473434764676,94284.53552180696,86068.1252033639,84.9203177041944,95030.60645474444,94644.06637120109,93576.1658857398,0.008244308263408879,0.020114152389037746
2025-05-01 00:00:00,94235.75331048168,26541700309.366142,-0.0002186181687505,94374.57852205691,86458.84719191403,84.34229536288352,94256.35946318062,93809.33781968225,93605.45230873208,0.008254823682687975,0.020241219647527477
2025-05-02 00:00:00,96426.94522273028,30207566405.46884,0.0232522353275959,94739.45437835083,86831.8257791622,85.66962613030135,94235.75331048168,95030.60645474444,93872.81422867288,0.011843545157867334,0.020631384303462716
2025-05-03 00:00:00,96855.5681343944,23276376191.483967,0.0044450533061486,95036.94811091639,87309.4639785539,88.70673811132887,96426.94522273028,94256.35946318062,94773.11200643536,0.011588571232048803,0.020229194810314956
2025-05-04 00:00:00,95922.86842404422,13797554863.642817,-0.0096297995904167,95219.6341184654,87734.7600068928,83.1459619683883,96855.5681343944,94235.75331048168,94644.06637120109,0.012511678724367458,0.02090366379861321
2025-05-05 00:00:00,94326.62048529249,14903122945.616686,-0.0166409529341349,95293.53164212403,88083.91376793601,75.95114715451953,95922.86842404422,96426.94522273028,93809.33781968225,0.013908698630968606,0.021872570110803728
2025-05-06 00:00:00,94758.8237105546,24086456278.20385,0.0045819856901319,95254.70553581118,88456.01170822867,73.00343298091073,94326.62048529249,96855.5681343944,95030.60645474444,0.013017340755187824,0.021077824736624163
2025-05-07 00:00:00,96854.53198815876,23348052607.07188,0.0221162335658113,95625.87303937948,89077.44665510063,63.82866520402212,94758.8237105546,95922.86842404422,94256.35946318062,0.014882871133527384,0.011657618303675366
2025-05-08 00:00:00,97026.493769668,64376174032.08048,0.0017754644824494,96024.55024783468,89672.35337183697,64.25886492148786,96854.53198815876,94326.62048529249,94235.75331048168,0.014807860317206972,0.011642810701445456
2025-05-09 00:00:00,103076.27555512934,50020047720.65604,0.0623518541216481,96974.45458103453,90563.92621179715,75.88352143495482,97026.493769668,94758.8237105546,96426.94522273028,0.026173464756180955,0.019760176860658334
2025-05-10 00:00:00,102962.540456923,40800894903.23446,-0.0011034071380033,97846.87919853863,91241.9385505125,74.0978255177791,103076.27555512934,96854.53198815876,96855.5681343944,0.02644726298051575,0.019853791044963612
2025-05-11 00:00:00,104630.8792994166,21558992540.04244,0.0162033574063917,99090.88075216326,92076.42261640944,76.94573611625285,102962.540456923,97026.493769668,95922.86842404422,0.02517570807282311,0.019899867190452804
2025-05-12 00:00:00,103994.061616746,27389436049.454792,-0.0060863263974706,100471.94377094232,92761.58173095305,77.77637155673125,104630.8792994166,103076.27555512934,94326.62048529249,0.023373269237477807,0.01974158686875372
2025-05-13 00:00:00,102876.8304286011,43090605819.36596,-0.0107432210145064,101631.65901637754,93347.30616910888,71.52080368018404,103994.061616746,102962.540456923,94758.8237105546,0.025086143528167112,0.020251572028663695
2025-05-14 00:00:00,104184.49039270742,33861432519.50822,0.0127109278022894,102678.79593131307,94033.42851218094,76.45694540627683,102876.8304286011,104630.8792994166,96854.53198815876,0.024707619688485397,0.019905442453713357
2025-05-15 00:00:00,103594.42575090707,28398245846.798244,-0.0056636514665108,103617.07192863293,94669.12762082803,74.20480078163834,104184.49039270742,103994.061616746,97026.493769668,0.02530961041824684,0.020116944637569537
2025-05-16 00:00:00,103708.8513642364,31823340473.339912,0.0011045537682159,103707.43990136252,95337.53958334989,71.10024834522686,103594.42575090707,102876.8304286011,103076.27555512934,0.010043231420115846,0.019602220681509915
2025-05-17 00:00:00,103556.03493982446,25887953182.14765,-0.0014735138071796,103792.22482749129,95985.881433955,69.73082531981876,103708.8513642364,104184.49039270742,102962.540456923,0.010056608679990212,0.01968774013184809
2025-05-18 00:00:00,103212.36483885496,18950056010.479057,-0.0033186873287414,103589.57990455392,96595.26330938317,72.23673504968717,103556.03493982446,103594.42575090707,104630.8792994166,0.007467596145648889,0.019397986803911003
2025-05-19 00:00:00,106030.6376831359,30744060179.802963,0.0273055737912903,103880.51934260961,97315.15955974924,83.22609686231164,103212.36483885496,103708.8513642364,103994.061616746,0.012989501214623637,0.01910782757959909
2025-05-20 00:00:00,105629.41580436694,43339734153.75087,-0.0037840183510728,104273.74582486188,97998.5846717942,80.91449719752549,106030.6376831359,103556.03493982446,102876.8304286011,0.012005099330275413,0.019370625325468092
2025-05-21 00:00:00,106786.71995834044,36393687094.25122,0.010956267675634,104645.49290566659,98722.36982211951,79.83839375775912,105629.41580436694,103212.36483885496,104184.49039270742,0.011805670429585493,0.018968568581623838
2025-05-22 00:00:00,109665.86371625264,60722883113.84,0.0269616274292852,105512.84118643026,99462.8303796385,82.6590538043259,106786.71995834044,106030.6376831359,103594.42575090707,0.013813158126880581,0.019602401960333433
2025-05-23 00:00:00,111560.356938144,52218408239.45193,0.0172751406654045,106634.48483984561,100062.30341471866,77.91698675944204,109665.86371625264,105629.41580436694,103708.8513642364,0.013771056872488915,0.012614091546493308
2025-05-24 00:00:00,107216.66856870624,49251745837.96465,-0.0389357697362529,107157.43250111445,100516.01062338446,60.95005289520738,111560.356938144,106786.71995834044,103556.03493982446,0.023246557930931538,0.01735439029532215
2025-05-25 00:00:00,107831.36374380375,27128230116.51716,0.005733205324353,107817.2894875357,100981.29560722216,58.710457965913214,107216.66856870624,109665.86371625264,103212.36483885496,0.022942937308963,0.0169645578326812
2025-05-26 00:00:00,108861.81037744328,29652659665.048733,0.0095560938660459,108221.74272957961,101450.91888625575,62.9701945348736,107831.36374380375,111560.356938144,106030.6376831359,0.02117306757528834,0.016885466274697707
2025-05-27 00:00:00,109377.71513263127,27950577137.918888,0.00473907932818,108757.2140621888,101942.04051163676,67.89515962325791,108861.81037744328,107216.66856870624,105629.41580436694,0.020896366030213373,0.016387144488943566
2025-05-28 00:00:00,109068.45694901443,38978783508.88622,-0.002827433204669,109083.17648942795,102450.67781594783,64.22619024044491,109377.71513263127,107831.36374380375,106786.71995834044,0.020911168882224475,0.016315158265854564
2025-05-29 00:00:00,107838.18431100152,29794278037.284943,-0.0112798206963542,108822.07943153493,102877.59707782305,61.91691176600994,109068.45694901443,108861.81037744328,109665.86371625264,0.01853335076649198,0.016621381743802583
2025-05-30 00:00:00,105745.41660358038,38279231892.56757,-0.0194065554867436,107991.3736694544,103260.56564916973,55.147012193462785,107838.18431100152,109377.71513263127,111560.356938144,0.017233281000722318,0.017672144428929865
2025-05-31 00:00:00,104010.91956242644,39680060337.61021,-0.0164025741905792,107533.40952570015,103586.40452423455,51.06452392238481,105745.41660358038,109068.45694901443,107216.66856870624,0.011546440662053788,0.018306725236089436
2025-06-01 00:00:00,104687.50742934884,20432694555.09522,0.0065049695721257,107084.28719506375,103861.7565977885,53.3991725325109,104010.91956242644,107838.18431100152,107831.36374380375,0.011660989636543434,0.018338599576620748
2025-06-02 00:00:00,105710.00593822816,17721500507.53389,0.0097671492424191,106634.02941803301,104156.90452458295,49.19450512277942,104687.50742934884,105745.41660358038,108861.81037744328,0.011702561975434855,0.0169634588955076
2025-06-03 00:00:00,105884.74263221148,26313843058.73954,0.0016529815927304,106135.03334654447,104488.96699818854,50.648818366579995,105710.00593822816,104010.91956242644,109377.71513263127,0.011366073219537634,0.016934388656728118
2025-06-04 00:00:00,105434.47745144973,25925661121.080395,-0.0042524085110707,105615.89341832093,104859.22889706044,46.435699624016245,105884.74263221148,104687.50742934884,109068.45694901443,0.011342394267027073,0.016684648507159023
2025-06-05 00:00:00,104812.9182188067,25812143562.79796,-0.0058952180317793,105183.71254800739,105194.36538066884,35.4803704642825,105434.47745144973,105710.00593822816,107838.18431100152,0.01100519726969687,0.014671766154661054
2025-06-06 00:00:00,101650.7387545425,39711941132.0234,-0.0301697492828399,104598.75856957342,105354.2389395483,22.441678712387997,104812.9182188067,105884.74263221148,105745.41660358038,0.013889643636469936,0.015070888189790698
2025-06-07 00:00:00,104409.74967959142,29897390978.090103,0.0271420646701952,104655.73430059699,105600.34746987908,41.43954353491734,101650.7387545425,105434.47745144973,104010.91956242644,0.01749744397269199,0.01447167888756536
2025-06-08 00:00:00,105681.4546141758,17749731308.73042,0.012179944291476,104797.72675557225,105687.18677184731,43.6959059215948,104409.74967959142,104812.9182188067,104687.50742934884,0.017938308704186817,0.014827851972725835
2025-06-09 00:00:00,105692.24740699006,16044679696.270103,0.0001021257026945,104795.18982253825,105778.17700351619,40.1149080964431,105681.4546141758,101650.7387545425,105710.00593822816,0.017562997954764428,0.014505465350885469
2025-06-10 00:00:00,110261.57485948496,38222993297.50514,0.0432323804687371,105420.4515692916,105965.86685551847,52.20024780977397,105692.24740699006,104409.74967959142,105884.74263221148,0.024017549525515738,0.018873721102121217
2025-06-11 00:00:00,110212.73252109604,36303839182.734825,-0.0004429679011129,106103.05943638392,106173.1558856635,52.88593468607187,110261.57485948496,105681.4546141758,105434.47745144973,0.023787299915162086,0.018849803870733622
2025-06-12 00:00:00,108679.9760916168,30338936631.626648,-0.0139072536758477,106655.49627535681,106366.59407443067,52.09114562024352,110212.73252109604,105692.24740699006,104812.9182188067,0.024664896468693787,0.018993034498534508
2025-06-13 00:00:00,105979.22902375912,35865159511.38857,-0.0248504569561274,107273.85202810202,106426.41869546572,50.56379723980746,108679.9760916168,110261.57485948496,101650.7387545425,0.023435984387339924,0.01948615326979277
2025-06-14 00:00:00,106045.56440819205,49471015505.74361,0.0006259281657734,107507.53984647353,106508.12331737524,55.33541749884433,105979.22902375912,110212.73252109604,104409.74967959142,0.021555941823866775,0.01888330335514755
2025-06-15 00:00:00,105482.90611628916,17916412455.866283,-0.0053058163728291,107479.1757753469,106567.258475777,52.098299170976645,106045.56440819205,108679.9760916168,105681.4546141758,0.021247365181548867,0.01890868288286246
2025-06-16 00:00:00,105554.49383061715,16568441852.649668,0.0006786664964375,107459.4966930079,106633.87377213674,49.568082005566936,105482.90611628916,105979.22902375912,105692.24740699006,0.021249297189285508,0.018728807831706194
2025-06-17 00:00:00,106951.2720181497,32095957011.724205,0.0132327685619331,106986.59628710288,106758.50401144657,52.77387413834641,105554.49383061715,106045.56440819205,110261.57485948496,0.0121583742242648,0.019057556109886305
2025-06-18 00:00:00,104683.42479835715,38603212010.88944,-0.0212044903907986,106196.69518385445,106713.59691528727,48.21535950822354,106951.2720181497,105482.90611628916,110212.73252109604,0.013521837368938474,0.019927664069264
2025-06-19 00:00:00,104722.695052907,30339326410.154945,0.0003751334523636,105631.36932118163,106683.3728902386,49.7795115389419,104683.42479835715,105554.49383061715,108679.9760916168,0.013426616998718902,0.01986325666251134
2025-06-20 00:00:00,104690.65002458123,18063282658.15229,-0.000305998888871,105447.28660701335,106613.50389244664,58.77081127947001,104722.695052907,106951.2720181497,105979.22902375912,0.01027725681661143,0.017862962725736623
2025-06-21 00:00:00,103290.105144757,30632751225.407444,-0.013377936611296,105053.64956937978,106400.97860673013,46.494809805929556,104690.65002458123,104683.42479835715,106045.56440819205,0.01108050545147229,0.016769369754869274
2025-06-22 00:00:00,101532.5683847329,21644463198.71953,-0.0170155384928787,104489.31560772887,106066.71898828307,37.39482095104724,103290.105144757,104722.695052907,105482.90611628916,0.012191367331502613,0.016867453693252005
2025-06-23 00:00:00,100852.58264648831,51287142390.02526,-0.0066972179376764,103817.61400999618,105854.58279087582,35.87063379808545,101532.5683847329,104690.65002458123,105554.49383061715,0.011896232446809235,0.016877644541614428
2025-06-24 00:00:00,105511.62437933136,50011797128.6837,0.0461965535297601,103611.95006159355,105777.2581453934,36.2048187199629,100852.58264648831,103290.105144757,106951.2720181497,0.02264458771885033,0.017511772736740434
2025-06-25 00:00:00,105976.06929808448,31704641076.941063,0.0044018364941795,103796.61356155461,105681.06677608144,37.985582354982064,105511.62437933136,101532.5683847329,104683.42479835715,0.02097915489809175,0.01761376130793354
2025-06-26 00:00:00,107238.53045016268,30468274982.034847,0.0119127002958301,104156.01861830543,105609.76061999916,45.84867797216278,105976.06929808448,100852.58264648831,104722.695052907,0.021286731145969417,0.01769638241352165
2025-06-27 00:00:00,106984.01253775664,24320699663.15122,-0.0023733812029839,104483.64183447335,105540.2791396239,53.36835332556848,107238.53045016268,105511.62437933136,104690.65002458123,0.021363960495691302,0.0163130414850246
2025-06-28 00:00:00,107078.91560644074,25194306261.888832,0.000887077110242,105024.90047185673,105514.97018280519,53.457498921040965,106984.01253775664,105976.06929808448,103290.105144757,0.020154930476644878,0.016312981431148402
2025-06-29 00:00:00,107331.58548463575,8960877693.57604,0.002359660412734,105853.33148612855,105567.84247884038,56.316542124997646,107078.91560644074,107238.53045016268,101532.5683847329,0.017763199749836044,0.01622013083246612
2025-06-30 00:00:00,108396.61631317894,14881078675.366829,0.0099228090569447,106931.0505813701,105714.03237053214,59.09358282662426,107331.58548463575,106984.01253775664,100852.58264648831,0.01652348054053133,0.016377561084742098
2025-07-01 00:00:00,107132.79910701896,22489515582.41552,-0.0116591942548147,107162.64697103974,105795.54209312114,50.5857936073685,108396.61631317894,107078.91560644074,105511.62437933136,0.007890589022022748,0.016418038253615857
2025-07-02 00:00:00,105613.39974163056,25033160828.30909,-0.0141823921157012,107110.83703440348,105792.32188656788,53.15338341271207,107132.79910701896,107331.58548463575,105976.06929808448,0.009899810392376475,0.015808300219980392
2025-07-03 00:00:00,108824.44423167944,36395184773.06136,0.0304037602984497,107337.39614604872,105890.31193988347,61.44624595161161,105613.39974163056,108396.61631317894,107238.53045016268,0.014934405116891288,0.01768042571513592
2025-07-04 00:00:00,109602.20483914016,29892049537.628605,0.0071469292855281,107711.42361767494,106029.23618613981,63.15842333007706,108824.44423167944,107132.79910701896,106984.01253775664,0.014882541825602075,0.01768896394310852
2025-07-05 00:00:00,108040.8919400104,24248906784.57383,-0.0142452690748443,107848.84880818488,106136.83531017996,62.61901118405255,109602.20483914016,105613.39974163056,107078.91560644074,0.016360175534653597,0.01775373367447146
2025-07-06 00:00:00,108217.46849992426,10042942280.966904,0.0016343493351749,107975.40352465468,106355.72630169267,69.38442602176869,108040.8919400104,108824.44423167944,107331.58548463575,0.016355324063423864,0.016780157840029394
2025-07-07 00:00:00,109215.19771840284,14638669497.351295,0.0092196688049421,108092.34372540095,106515.90790298638,73.81058382326614,108217.46849992426,109602.20483914016,108396.61631317894,0.016295508417073334,0.016485661247414362
2025-07-08 00:00:00,108300.71675785031,25493246475.80407,-0.0083732024448685,108259.18910409114,106603.21664110887,60.09359541952439,109215.19771840284,108040.8919400104,107132.79910701896,0.015906411106736403,0.012066193466294367
2025-07-09 00:00:00,108953.19187727802,20488865138.27645,0.0060246611376226,108736.30226632649,106711.91479011848,60.62940755950717,108300.71675785031,108217.46849992426,105613.39974163056,0.01430567193398836,0.012099489146852204
2025-07-10 00:00:00,111327.53054245668,37078460440.66385,0.0217922818438678,109093.88602500895,106747.44664621753,63.525353046507355,108953.19187727802,109215.19771840284,108824.44423167944,0.01187506289207429,0.012975459258309388
2025-07-11 00:00:00,115879.65030112496,56204086624.04028,0.0408894344147179,109990.66394814964,106936.34390555182,72.91077105768406,111327.53054245668,108300.71675785031,109602.20483914016,0.018621940497072206,0.01636843282548622
2025-07-12 00:00:00,117571.02510036016,64185145923.88688,0.0145959605059213,111352.11154248532,107232.71220584327,74.9691680059781,115879.65030112496,108953.19187727802,108040.8919400104,0.01582572794154018,0.016458866354053043
2025-07-13 00:00:00,117418.95745007684,24351256098.393543,-0.0012934109416288,112666.60996393568,107614.03648672054,74.12147204725004,117571.02510036016,111327.53054245668,108217.46849992426,0.0161877377625864,0.016563702369135937
2025-07-14 00:00:00,119117.55666327637,27310851454.97692,0.0144661411588646,114081.23267034619,108049.76956189,74.88254263625838,117418.95745007684,115879.65030112496,109215.19771840284,0.016167829579886613,0.0166787096400397
2025-07-15 00:00:00,119833.67446712356,68915956378.80447,0.0060118577303556,115728.79805738524,108528.12850691781,80.24680908170028,119117.55666327637,117571.02510036016,108300.71675785031,0.013800740252860362,0.015813400145868763
2025-07-16 00:00:00,117678.19493404306,80299520980.2335,-0.0179872606148938,116975.22706549452,108932.25187703202,77.8871272569103,119833.67446712356,117418.95745007684,108953.19187727802,0.018487638627211405,0.016253304229523417
2025-07-17 00:00:00,118748.1627367753,50374263848.76278,0.0090923199776469,118035.31737896861,109325.48156765288,75.45796444425706,117678.19493404306,119117.55666327637,111327.53054245668,0.017889631257543667,0.014924975347727088
2025-07-18 00:00:00,119445.36520434044,49282617205.72662,0.0058712695126965,118544.7052222851,109817.54624785231,75.35610577443103,118748.1627367753,119833.67446712356,115879.65030112496,0.011296529665494166,0.014923664683444016
2025-07-19 00:00:00,117988.94664455787,58896449260.69391,-0.0121931776698996,118604.40830002763,110259.75463424067,75.76555670302972,119445.36520434044,117678.19493404306,117571.02510036016,0.011791188844640666,0.014715352149649393
2025-07-20 00:00:00,117901.62655900871,23934511126.349533,-0.0007400700492072,118673.36102987504,110700.1205187216,75.19856750861078,117988.94664455787,118748.1627367753,117418.95745007684,0.011778487225451018,0.014788140539527298
2025-07-21 00:00:00,117256.9208222684,36702153882.06748,-0.005468166602584,118407.55590973105,111165.68104130529,71.31650474213211,117901.62655900871,119445.36520434044,119117.55666327637,0.010181764503921551,0.015078732214462594
2025-07-22 00:00:00,117482.46977767294,46344384345.39471,0.0019235449287162,118071.6695255238,111697.34442106998,75.26104963692843,117256.9208222684,117988.94664455787,119833.67446712356,0.00973974484055587,0.01461000768287766
2025-07-23 00:00:00,119955.79570607652,58939000420.94166,0.0210527232963706,118397.04106438575,112334.11818972291,77.5139562797449,117482.46977767294,117901.62655900871,117678.19493404306,0.010713275087421328,0.015159436544792886
2025-07-24 00:00:00,118629.05588130427,45225685167.61703,-0.0110602394570672,118380.02579931845,112771.36590645534,69.26830083200392,119955.79570607652,117256.9208222684,118748.1627367753,0.0114220994878025,0.01523619794231927
2025-07-25 00:00:00,118354.43517438594,51940414419.3327,-0.0023149531527343,118224.17865218209,113183.97810233205,58.43514338458278,118629.05588130427,117482.46977767294,119445.36520434044,0.011125522540765712,0.011163479365426917
2025-07-26 00:00:00,117540.8083708574,91617702596.10349,-0.0068744935695036,118160.1588987963,113527.38736635521,49.89045353539689,118354.43517438594,119955.79570607652,117988.94664455787,0.01041297745649444,0.010701319912749597
2025-07-27 00:00:00,117959.54234360624,25145925063.881348,0.0035624561252605,118168.43258231024,113893.23835988353,51.92263916661583,117540.8083708574,118629.05588130427,117901.62655900871,0.01052266940357107,0.01073360633181453
2025-07-28 00:00:00,119418.91405141471,30220402191.467663,0.0123717986592168,118477.28875790257,114304.57164138267,51.090359162271305,117959.54234360624,118354.43517438594,117256.9208222684,0.011089556315191948,0.010534964088745328
2025-07-29 00:00:00,118003.30201607826,43433742203.62158,-0.0118541693883347,118551.69336338903,114660.29552576409,43.69648896355786,119418.91405141471,117540.8083708574,117482.46977767294,0.012389721145384716,0.010858102924373107
2025-07-30 00:00:00,117853.30892863822,42860287143.68828,-0.0012710922904479,118251.33810946929,114975.51861294606,50.699717766356166,118003.30201607826,117959.54234360624,119955.79570607652,0.008557473362991057,0.009710039005892736
2025-07-31 00:00:00,117833.24087995924,43054424656.58649,-0.000170279891684,118137.65025213429,115332.2000053774,46.009339278804376,117853.30892863822,119418.91405141471,118629.05588130427,0.007685547768682858,0.009363223454325734
2025-08-01 00:00:00,115700.00243915782,45238249453.35885,-0.0181038765026807,117758.44557567313,115668.42009529498,35.48232916707417,117833.24087995924,118003.30201607826,118354.43517438594,0.010096477773894408,0.010255919442308655
2025-08-02 00:00:00,113234.6051343189,65794680822.25255,-0.0213085328683149,117143.27368473906,115815.4254587163,32.90826122478195,115700.00243915782,117853.30892863822,117540.8083708574,0.012223856633709488,0.011184760224665065
2025-08-03 00:00:00,112554.90232221724,33543439044.09785,-0.0060026068117198,116371.18225311207,115913.8487081522,31.56389128508316,113234.6051343189,117833.24087995924,117959.54234360624,0.011592441791531462,0.011195902439672178
2025-08-04 00:00:00,114199.10966460756,24689273719.085533,0.0146080473481586,115625.49591213961,116119.12263230543,40.13621202328775,112554.90232221724,115700.00243915782,119418.91405141471,0.012217027898406075,0.012136335478701573
2025-08-05 00:00:00,115138.68613070175,32488023582.82734,0.0082275288209658,115216.26507137153,116349.82988666468,42.77244158330007,114199.10966460756,113234.6051343189,118003.30201607826,0.01302650289650242,0.012399888056608445
2025-08-06 00:00:00,114128.35408881678,37316213251.97167,-0.0087749137656311,114684.12866568276,116513.60176567848,30.24759517493989,115138.68613070175,112554.90232221724,117853.30892863822,0.013127444539943205,0.010696977601631732
2025-08-07 00:00:00,115022.09576830892,32052509631.058872,0.0078310222435751,114282.53650687556,116737.64773269377,37.40430201592725,114128.35408881678,114199.10966460756,117833.24087995924,0.013893625128422689,0.010859873725755741
2025-08-08 00:00:00,117463.47451085236,38289687095.00489,0.0212253022015975,114534.46108854622,117021.32382047959,47.297659332059645,115022.09576830892,115138.68613070175,115700.00243915782,0.014856650340660683,0.01252654960501685
2025-08-09 00:00:00,116688.36663186055,33017415812.97353,-0.0065987140446811,115027.85558819502,117200.01835679304,47.40843422207485,117463.47451085236,114128.35408881678,113234.6051343189,0.011665259375543866,0.01251591027708808
2025-08-10 00:00:00,116510.08393213755,27638785406.21056,-0.0015278532459491,115592.88153246934,117221.03281116013,45.52802205571007,116688.36663186055,115022.09576830892,112554.90232221724,0.011112289789843655,0.012464305376312712
2025-08-11 00:00:00,119266.92516880557,37157754754.85189,0.023661825171062,116316.8551759262,117277.56281344165,49.56583238247958,116510.08393213755,117463.47451085236,114199.10966460756,0.01281380574605517,0.013687965099011913
2025-08-12 00:00:00,118773.79960860992,61739781527.95854,-0.0041346379937078,116836.15710134167,117322.72421872607,52.323436167684804,119266.92516880557,116688.36663186055,115138.68613070175,0.013343531705076824,0.013324548616611556
2025-08-13 00:00:00,120202.53485503166,46941089789.57991,0.012029043872721,117703.89721080093,117358.89015845125,56.576877709876364,118773.79960860992,116510.08393213755,114128.35408881678,0.012150795396827806,0.013654971605508905
2025-08-14 00:00:00,123560.99363577303,61818118105.53991,0.0279399996413702,118923.73976329582,117483.13413073958,63.5100449277617,120202.53485503166,119266.92516880557,115022.09576830892,0.014409766388540086,0.015352158941413566
2025-08-15 00:00:00,118405.59579823952,73822008367.99681,-0.0417235058236123,119058.32851863683,117507.38082621277,55.58538697779194,123560.99363577303,118773.79960860992,117463.47451085236,0.02336576682787537,0.018816492029074906
2025-08-16 00:00:00,117339.79190213275,44268714220.021,-0.0090012966779279,119151.38927153287,117460.43513172469,58.99443962540327,118405.59579823952,120202.53485503166,116688.36663186055,0.023519607665487205,0.017919019422997746
2025-08-17 00:00:00,117501.21653394958,23202714236.542347,0.0013757023870595,119292.97964322029,117395.630176045,61.08919017180625,117339.79190213275,123560.99363577303,116510.08393213755,0.023492468067879215,0.01775118451272505
2025-08-18 00:00:00,117542.83687778088,20906566026.645443,0.0003542120248538,119046.68131593105,117380.75985048577,58.076703265156894,117501.21653394958,118405.59579823952,119266.92516880557,0.021375945969751436,0.01745431223637242
2025-08-19 00:00:00,116256.41276740946,47337926940.98573,-0.0109443003465112,118687.05462433098,117325.91939076579,52.65535210042969,117542.83687778088,117339.79190213275,118773.79960860992,0.02164886103936341,0.01769594867905596
2025-08-20 00:00:00,112778.34483555844,46156885037.403885,-0.0299172135889783,117626.45605012053,117176.63352454214,47.12940018445606,116256.41276740946,117501.21653394958,120202.53485503166,0.022626276313270993,0.019399428519544914
2025-08-21 00:00:00,114252.39755195397,42166369117.006935,0.0130703524559154,116296.65660957494,117068.9644503515,48.40276590717371,112778.34483555844,117542.83687778088,123560.99363577303,0.019005456084419347,0.019625334164583546
2025-08-22 00:00:00,112414.39987336512,32048202090.65466,-0.0160871694421383,115440.77147745003,116817.58458926113,39.253327993554464,114252.39755195397,116256.41276740946,118405.59579823952,0.013866829200694451,0.019001007907199247
2025-08-23 00:00:00,116834.24948202296,50878158870.82928,0.0393174683460197,115368.55113172006,116757.75770928507,50.268798658301215,112414.39987336512,112778.34483555844,117339.79190213275,0.022327803885080457,0.02204447661823024
2025-08-24 00:00:00,115359.98346714744,27306719885.257973,-0.0126184404094825,115062.66069360546,116657.94265237713,47.977458828684995,116834.24948202296,114252.39755195397,117501.21653394958,0.02276408651108667,0.02231343590033236
2025-08-25 00:00:00,113399.54847314973,40682656776.69001,-0.0169940644500526,114470.76235008672,116519.90065578687,39.3844097927018,115359.98346714744,112414.39987336512,117542.83687778088,0.023350602430953993,0.0215631966846608
2025-08-26 00:00:00,110185.35443900424,52854872363.93656,-0.028343975592694,113603.4683031717,116260.7610589668,35.85413220584665,113399.54847314973,116834.24948202296,116256.41276740946,0.02497321881251829,0.022575255086993474
2025-08-27 00:00:00,111842.70999260596,43023800053.0546,0.0150415230956959,113469.80618274992,116008.22092367319,36.33361172446738,110185.35443900424,115359.98346714744,112778.34483555844,0.023968368815508113,0.022764746805693917
2025-08-28 00:00:00,111216.08479629167,36957904262.99581,-0.0056027361672094,113036.04721765532,115781.98034968028,27.83958498636059,111842.70999260596,113399.54847314973,114252.39755195397,0.023174527295852898,0.020716089976984917
2025-08-29 00:00:00,112525.59740669793,34222495087.20689,0.0117744893897748,113051.93257955999,115604.38996561561,37.75389624495764,111216.08479629167,110185.35443900424,112414.39987336512,0.023067283879760776,0.018713411614179554
2025-08-30 00:00:00,108480.30666639366,51702115726.38959,-0.0359499601293693,111858.51217732723,115292.6254918301,33.58571330571212,112525.59740669793,111842.70999260596,116834.24948202296,0.01908394208647404,0.020615508628900363
2025-08-31 00:00:00,108781.95727925688,27799981330.792213,0.0027806946913495,110918.79415048573,115062.02398650006,33.92902038154024,108480.30666639366,111216.08479629167,115359.98346714744,0.019662333121412138,0.0206543847817896
2025-09-01 00:00:00,108253.36092385623,26140904019.246822,-0.0048592282086235,110183.62450058665,114895.98251281797,33.179965007918284,108781.95727925688,112525.59740669793,113399.54847314973,0.019287584593400024,0.02059161501730885
2025-09-02 00:00:00,109162.68557992298,42999610648.39302,0.0083999669692136,110037.52894928932,114782.90862140818,36.97787893706088,108253.36092385623,108480.30666639366,110185.35443900424,0.017226256490398335,0.020857531246178423
2025-09-03 00:00:00,111190.18209845416,50235464642.84596,0.0185731645182616,109944.31067869622,114682.61103586972,46.92057148951081,109162.68557992298,108781.95727925688,111842.70999260596,0.017822682375821682,0.020292094359349106
2025-09-04 00:00:00,111711.51977725116,36406080683.42747,0.004688702446187,110015.08710454757,114568.37215742137,44.88426208772911,111190.18209845416,108253.36092385623,111216.08479629167,0.017775032153098617,0.019971831454911236
2025-09-05 00:00:00,110724.736377486,38708366685.43147,-0.0088333181907539,109757.82124323158,114454.91823371034,46.47733109789694,111711.51977725116,109162.68557992298,112525.59740669793,0.017350656581825333,0.019653606429280376
2025-09-06 00:00:00,110662.18112628513,56020470627.40665,-0.0005649618436445,110069.51759464465,114309.58774564289,34.27532450657267,110724.736377486,111190.18209845416,108480.30666639366,0.009027659931172704,0.01590921674466117
2025-09-07 00:00:00,110209.1888247784,19340758702.07633,-0.0040934698457623,110273.40781543344,114067.77822277375,36.156866426974474,110662.18112628513,111711.51977725116,108781.95727925688,0.009406645108596836,0.01570553278462921
2025-09-08 00:00:00,111131.9923868407,22147049159.335133,0.0083731998384406,110684.64088157406,113882.56574793976,43.5458010929802,110209.1888247784,110724.736377486,108253.36092385623,0.009147586766300037,0.015445605243062705
2025-09-09 00:00:00,112025.12878118773,37159847899.8603,0.0080367171969535,111093.5613388976,113733.0672429081,56.03384299942677,111131.9923868407,110662.18112628513,109162.68557992298,0.009118071817332634,0.013487278906854007
2025-09-10 00:00:00,111547.43956434788,45338021458.38368,-0.0042641255764399,111144.59811973957,113475.75105609283,48.950395484679085,112025.12878118773,110209.1888247784,111190.18209845416,0.00668796066473773,0.012946917443919426
2025-09-11 00:00:00,113975.32489468766,52205187155.05567,0.0217654958269051,111467.99885080193,113315.8018989621,58.69487174214393,111547.43956434788,111131.9923868407,111711.51977725116,0.010505210640573233,0.01407114843662446
2025-09-12 00:00:00,115503.16663193036,43752917632.95067,0.0134050219962471,112150.63174429398,113159.15629152539,59.25551193100187,113975.32489468766,112025.12878118773,110724.736377486,0.009690483357756931,0.014166085985481932
2025-09-13 00:00:00,116160.14344594492,51192951485.8644,0.0056879549987414,112936.0549328168,112912.46128519779,80.2425554990019,115503.16663193036,111547.43956434788,110662.18112628513,0.009252662298232479,0.009036690773201446
2025-09-14 00:00:00,115970.58488443034,30063858747.76022,-0.0016318726534871,113759.11151276708,112831.29425473747,78.56035080948593,116160.14344594492,113975.32489468766,110209.1888247784,0.00879689161149589,0.009193220011548812
2025-09-15 00:00:00,115373.55555886828,26889399414.610912,-0.005148109981139,114365.04910877103,112765.75304329534,78.13547578962184,115970.58488443034,115503.16663193036,111131.9923868407,0.00994191324696173,0.009216428486616293
2025-09-16 00:00:00,115397.25272727507,46947581231.08198,0.0002053951470248,114846.78110106921,112695.62091640619,76.48998120349003,115373.55555886828,116160.14344594492,112025.12878118773,0.010036885311265887,0.009216719377749687
2025-09-17 00:00:00,116762.8496864193,39964451595.09973,0.011833877556614,115591.83968993656,112669.62134336079,75.08880760020921,115397.25272727507,115970.58488443034,111547.43956434788,0.00958469012723331,0.008549690202210247
2025-09-18 00:00:00,116455.9464822532,54740952295.37868,-0.002628431945523,115946.21420244593,112676.27246718893,71.78051151185215,116762.8496864193,115373.55555886828,113975.32489468766,0.007311943794376521,0.008695999742062215
2025-09-19 00:00:00,117145.49508952006,43642467075.25838,0.0059211111849228,116180.83255353016,112821.84414232097,80.30313739762333,116455.9464822532,115397.25272727507,115503.16663193036,0.005980552002673994,0.008017860401438653
2025-09-20 00:00:00,115655.81046441344,34296721252.33001,-0.0127165336060787,116108.78498473996,112868.62457273628,70.76984660818223,117145.49508952006,116762.8496864193,116160.14344594492,0.007857583094227114,0.00913713499184888
2025-09-21 00:00:00,115715.51536781774,18774953731.2904,0.000516229173135,116072.34648236675,112978.6617558847,73.67689985825868,115655.81046441344,116455.9464822532,115970.58488443034,0.007852281396995035,0.008935063125264807
2025-09-22 00:00:00,115304.47999407038,18659113982.495464,-0.0035521198038208,116062.47854453846,112927.66943961963,68.76744972889762,115715.51536781774,117145.49508952006,115373.55555886828,0.0077095187404394375,0.009005520463132638
2025-09-23 00:00:00,112696.74101711863,69152342029.46799,-0.022616111508294,115676.69115737325,112838.89469128531,52.61716916699518,115304.47999407038,115655.81046441344,115397.25272727507,0.01148130149250134,0.011087018017322836
2025-09-24 00:00:00,112022.16587861197,46154878824.043465,-0.0059857555100391,114999.45061340078,112792.98193813408,51.821977472715886,112696.74101711863,115715.51536781774,116762.8496864193,0.009336443964047194,0.01115308633930243
2025-09-25 00:00:00,113320.56908541008,46677543220.334526,0.0115905918852263,114551.53955670891,112897.48909301427,47.248530855939975,112022.16587861197,115304.47999407038,116455.9464822532,0.011462848279699985,0.009913653627913837
2025-09-26 00:00:00,108963.53013595636,74481796351.47305,-0.0384487916414345,113382.68742048551,112801.51643112594,27.797860699749336,113320.56908541008,112696.74101711863,117145.49508952006,0.016381410210452314,0.013434414131007608
2025-09-27 00:00:00,109710.20874667744,55257214020.568245,0.0068525552521052,112533.31574652322,112751.32056280549,28.23496517387781,108963.53013595636,112022.16587861197,115655.81046441344,0.017506212581658583,0.013502910490331962
2025-09-28 00:00:00,109654.81021075726,23294896964.31016,-0.0005049533361849,111667.50072408603,112655.62765627411,28.492950257710504,109710.20874667744,113320.56908541008,115715.51536781774,0.01743357189690174,0.013521371660572379
2025-09-29 00:00:00,112142.57362752674,31274654338.51212,0.022687225594463,111215.79981457978,112777.70322164522,40.2527234771445,109654.81021075726,108963.53013595636,115304.47999407038,0.020905085835725198,0.015259446455955882
2025-09-30 00:00:00,114309.15041119448,57833295882.65785,0.0193198418190745,111446.14401373347,112961.9429927098,47.09322321693927,112142.57362752674,109710.20874667744,112696.74101711863,0.020612660993674457,0.016284683308040705
2025-10-01 00:00:00,114024.22783550054,57718901820.70616,-0.0024925613974823,111732.15286471754,113154.30522309795,42.23569387076608,114309.15041119448,109654.81021075726,112022.16587861197,0.02042241660175902,0.01589187136174429
2025-10-02 00:00:00,118503.24451752484,69920179085.4708,0.0392812717704702,112472.53506930536,113465.65718768469,54.69389656440217,114024.22783550054,112142.57362752674,113320.56908541008,0.024668590790767785,0.019267116312548918
2025-10-03 00:00:00,120611.71911591051,71252850672.75252,0.0177925474274576,114136.56206644171,113779.70842159988,57.46162263597938,118503.24451752484,114309.15041119448,108963.53013595636,0.014647516630324684,0.019736074577450965
2025-10-04 00:00:00,122250.15186842805,83155430408.51796,0.0135843578428971,115927.98251240606,114130.99615797245,64.10508420191869,120611.71911591051,114024.22783550054,109710.20874667744,0.014261940885032838,0.019449907194113613
2025-10-05 00:00:00,122380.93708463266,35161626561.80918,0.0010698163904563,117746.0006372454,114519.53618154401,64.21390149900117,122250.15186842805,118503.24451752484,109654.81021075726,0.01397384307453015,0.019442524573681935
2025-10-06 00:00:00,123506.18520027678,72011486031.26575,0.0091946355572187,119369.37371906685,114947.66965067707,66.97298751085168,122380.93708463266,120611.71911591051,112142.57362752674,0.013809878201945984,0.019350616443514206
2025-10-07 00:00:00,124773.50823074432,69605991064.72382,0.0102612110349975,120864.28197900252,115433.14696420926,76.46018796351524,123506.18520027678,122250.15186842805,114309.15041119448,0.013647858669740717,0.017649151763155305
2025-10-08 00:00:00,121518.75593575073,76087884719.80028,-0.0260852831754523,121934.92885046685,115779.37241583959,68.69347527511381,124773.50823074432,122380.93708463266,114024.22783550054,0.019622032499991043,0.019541594749769447
2025-10-09 00:00:00,123352.50487523204,62576032795.36722,0.0150902543838653,122627.68033013931,116156.95161897439,69.33967016642598,121518.75593575073,123506.18520027678,118503.24451752484,0.01506200855609906,0.019640642669341745
2025-10-10 00:00:00,121698.03066778315,72097306668.91356,-0.013412570819882,122782.86769469254,116495.30465575558,77.40535873871053,123352.50487523204,124773.50823074432,120611.71911591051,0.01554627368068636,0.016072695706487648
2025-10-11 00:00:00,113201.74064138904,151002213089.8765,-0.0698145235364381,121490.23751940126,116469.51851397895,55.63455531721034,121698.03066778315,121518.75593575073,122250.15186842805,0.029936654325164104,0.026310628514207315
2025-10-12 00:00:00,110853.11663883904,108643865752.17674,-0.020747242836046,119843.40602714501,116314.51684754257,51.80053318960727,113201.74064138904,123352.50487523204,122380.93708463266,0.029662385325106417,0.02703869676858396
2025-10-13 00:00:00,115189.5714637257,93857100744.12454,0.0391189256231279,118655.31835049485,116282.16444813527,54.337348149760814,110853.11663883904,121698.03066778315,123506.18520027678,0.03515107762641872,0.028370565709583274
2025-10-14 00:00:00,115222.28302116522,68935270367.04033,0.0002839801991088,117290.85760626929,116257.2210526931,51.38390083088132,115189.5714637257,113201.74064138904,124773.50823074432,0.034417015898376584,0.027944940688927597
2025-10-15 00:00:00,113156.56943826911,91211854988.91518,-0.0179280737087691,116096.25953520047,116183.3215153398,48.75236231191416,115222.28302116522,110853.11663883904,121518.75593575073,0.03394792963836345,0.028391605157030965
2025-10-16 00:00:00,110708.66960879424,68877328886.40259,-0.021632856506933,114289.99735428079,116027.03541139043,38.09659010972393,113156.56943826911,115189.5714637257,123352.50487523204,0.032288031173108224,0.02648497208487782
2025-10-17 00:00:00,108076.72862033188,84773160808.27399,-0.0237735761595069,112344.09706178775,115737.49804252085,31.15854978083172,110708.66960879424,115222.28302116522,121698.03066778315,0.03244685432214515,0.026119056679785903
2025-10-18 00:00:00,106443.61194984637,94325236794.78165,-0.0151107152421551,111378.65010585307,115403.75355810729,26.237258582467973,108076.72862033188,113156.56943826911,113201.74064138904,0.022483503373155654,0.02545596741109749
2025-10-19 00:00:00,107156.00337647724,34412835719.61292,0.0066926649103802,110850.49106837282,115070.77050100587,27.504988913730344,106443.61194984637,110708.66960879424,110853.11663883904,0.02239261674779285,0.025679526509171362
2025-10-20 00:00:00,108621.134857428,45373692612.3944,0.0136728828510264,109912.14298175888,114836.28131410635,28.225861803573906,107156.00337647724,108076.72862033188,115189.5714637257,0.014930624770925768,0.025951833194846875
2025-10-21 00:00:00,110608.5714932665,60452111148.14008,0.0182969607014982,109253.04133491618,114666.04985162131,29.706793517524886,108621.134857428,106443.61194984637,115222.28302116522,0.017904079195059718,0.02648945337551728
2025-10-22 00:00:00,108486.1026271664,105841401713.00195,-0.0191890089298306,108585.83179047295,114438.77060605785,30.702887706123818,110608.5714932665,107156.00337647724,113156.56943826911,0.01805352691313342,0.02619454402626221
2025-10-23 00:00:00,107618.4266715404,83996418125.93103,-0.0079980378556684,108144.36851372241,114269.49346120523,26.016828412460683,108486.1026271664,108621.134857428,110708.66960879424,0.016757590359434676,0.02535966976889342
2025-10-24 00:00:00,110048.51827291628,56192643013.57058,0.0225806274681259,108426.05274980588,114203.70520768204,32.65303081356866,107618.4266715404,110608.5714932665,108076.72862033188,0.016761305000978936,0.026709675616085598
2025-10-25 00:00:00,110997.80437129698,49120903424.344864,0.008626068876516,109076.65166715595,114126.27971721161,45.76669922028414,110048.51827291628,108486.1026271664,106443.61194984637,0.014847818925090307,0.019818069146967855
2025-10-26 00:00:00,111620.3093731354,23214874411.21217,0.0056082641036401,109714.40966667856,114214.83902511759,51.578272522915896,110997.80437129698,107618.4266715404,107156.00337647724,0.014846230701367489,0.019057859651203417
2025-10-27 00:00:00,114476.01227508576,42483268634.18711,0.0255840797968407,110550.82072634397,114373.6991427312,48.43682763977961,111620.3093731354,110048.51827291628,108621.134857428,0.016473348532506836,0.01721063514983714
2025-10-28 00:00:00,114182.79442806762,63764801510.65889,-0.0025613911699993,111061.42400274413,114524.63194997488,47.74852164688675,114476.01227508576,110997.80437129698,110608.5714932665,0.01610768148676541,0.017219927662097904
2025-10-29 00:00:00,112950.34863259472,66299512352.17796,-0.0107936208922378,111699.17343209102,114551.55778347714,49.53660976481054,114182.79442806762,111620.3093731354,108486.1026271664,0.014239857498825873,0.01676433163029532
2025-10-30 00:00:00,110046.66925837284,64235327509.05742,-0.0257075733663024,112046.06523020995,114409.47507838308,48.542304778736494,112950.34863259472,114476.01227508576,107618.4266715404,0.018149542154192354,0.017198548361993752
2025-10-31 00:00:00,108240.76528725718,72648897659.94229,-0.0164103464765087,111787.8148036872,114216.69299344164,50.374837221556014,110046.66925837284,114182.79442806762,110048.51827291628,0.017217430449384973,0.01652457014344535
2025-11-01 00:00:00,109573.90555629117,58800487940.5146,0.0123164342518828,111584.4006872578,113919.0483614005,57.25240351472868,108240.76528725718,112950.34863259472,110997.80437129698,0.017656374598736216,0.016187680809469647
2025-11-02 00:00:00,110014.13556776088,24938475577.84992,0.0040176537400462,111354.94728649002,113565.7955764622,56.70642330354894,109573.90555629117,110046.66925837284,111620.3093731354,0.0175564595619924,0.016146232002517472
2025-11-03 00:00:00,110650.2092823146,35098774843.7742,0.0057817453300075,110808.40400180842,113179.13082359174,54.953829319831286,110014.13556776088,108240.76528725718,114476.01227508576,0.0135126476232744,0.015842388397184597
2025-11-04 00:00:00,106521.0867382576,75068433317.86293,-0.0373168977342093,109713.87433183557,112650.46914537923,40.96550446856486,110650.2092823146,109573.90555629117,114182.79442806762,0.018155511488774635,0.01810165798945384
2025-11-05 00:00:00,101635.2740227234,108965721650.60307,-0.045867094160798,108097.43510185395,111921.43877279412,36.5060884689077,106521.0867382576,110014.13556776088,112950.34863259472,0.02275497110326439,0.021139271144099584
2025-11-06 00:00:00,103877.9596595516,77083907216.62631,0.0220660165320829,107216.19087345092,111224.9204870877,43.011058778558684,101635.2740227234,110650.2092823146,110046.66925837284,0.025868788424817987,0.02224783037379839
2025-11-07 00:00:00,101322.6402945857,64118217249.57436,-0.0245992448575297,106227.88730306926,110551.7166323822,33.77192239510626,103877.9596595516,106521.0867382576,108240.76528725718,0.026494531382152433,0.021758478314943208
2025-11-08 00:00:00,103396.084215925,93627003785.31018,0.020463777052305,105345.34139730269,109886.5026104053,36.42999869625904,101322.6402945857,101635.2740227234,109573.90555629117,0.027741071000737378,0.022571229820175107
2025-11-09 00:00:00,102290.13714655169,51095924202.31797,-0.0106962181185095,104241.91305141566,109239.57282636425,33.62709747533188,103396.084215925,103877.9596595516,110014.13556776088,0.0272384978833944,0.022412088606954463
2025-11-10 00:00:00,104709.67861656273,59952468437.71812,0.0236537122493496,103393.2658134511,108956.50409220338,32.595278307756004,102290.13714655169,101322.6402945857,110650.2092823146,0.029693858201101524,0.022207970100818562
2025-11-11 00:00:00,105909.07272321742,67546556819.52642,0.0114544722369627,103305.83523987394,108791.70262834932,35.71661086804316,104709.67861656273,103396.084215925,106521.0867382576,0.02713523504359669,0.022691295916751283
2025-11-12 00:00:00,102960.77564500563,71008299178.73956,-0.0278380029434953,103495.19261448567,108384.07610105866,33.71898352984944,105909.07272321742,102290.13714655169,101635.2740227234,0.022586169150361914,0.02346340028560145
2025-11-13 00:00:00,101521.70859453591,63332414142.58827,-0.0139768474106238,103158.58531948343,107927.39028683768,35.40944955473891,102960.77564500563,104709.67861656273,103877.9596595516,0.021342587689425888,0.022921543120463028
2025-11-14 00:00:00,99730.4533956204,100463341916.4732,-0.0176440607995433,102931.13004820269,107479.85308541605,35.4272138307538,101521.70859453591,105909.07272321742,101322.6402945857,0.020310574377066758,0.022969051596210495
2025-11-15 00:00:00,94456.39368235336,113198323665.38872,-0.052883141845805,101654.03140054959,106938.1105545347,27.19161433847256,99730.4533956204,102960.77564500563,103396.084215925,0.025095915249042734,0.02552761270167145
2025-11-16 00:00:00,95508.31019889197,39062120798.23745,0.011136530578079,100685.19897945535,106519.16327382003,28.51112107231168,94456.39368235336,101521.70859453591,102290.13714655169,0.026673485623881967,0.025901658926485348
2025-11-17 00:00:00,94411.32947182968,72645149972.7847,-0.011485709722828,99214.00624449349,106118.08719121947,26.267859767249163,95508.31019889197,99730.4533956204,104709.67861656273,0.022365408868528665,0.025514258907325726
2025-11-18 00:00:00,92036.7255045672,95794596045.06412,-0.0251516844487504,97232.24235611489,105614.11126215578,27.68775585222852,94411.32947182968,94456.39368235336,105909.07272321742,0.019375310478808687,0.024743319811748335
2025-11-19 00:00:00,92819.759215009,103837258806.01602,0.0085078397362468,95783.52572325822,105087.39874074183,34.45539550990033,92036.7255045672,95508.31019889197,102960.77564500563,0.021573753732083183,0.02289531437209759
2025-11-20 00:00:00,91363.27838693369,82897875507.45229,-0.0156914954358102,94332.32140788647,104445.88897053074,27.303263435741016,92819.759215009,94411.32947182968,101521.70859453591,0.021576563304642398,0.021488443941387794
2025-11-21 00:00:00,86649.97257918229,99171039191.1295,-0.0515886239085031,92463.68129125246,103718.01796893128,25.32124628329555,91363.27838693369,92036.7255045672,99730.4533956204,0.025748021280455582,0.02406087651573366
2025-11-22 00:00:00,85051.8019295002,135093457122.46468,-0.0184439833286923,91120.16818370202,102965.79714419661,18.644454244006297,86649.97257918229,92819.759215009,94456.39368235336,0.02121896077425338,0.022353650323285793
2025-11-23 00:00:00,84682.62429147748,42644968955.2184,-0.00434062100564,89573.64162549993,102120.26734481532,19.126184102578378,85051.8019295002,91363.27838693369,95508.31019889197,0.0187431967923008,0.022481714318980002
2025-11-24 00:00:00,86783.84766839583,60446592409.29218,0.024812922302525,88484.00136786653,101313.13545471859,18.213192310466695,84682.62429147748,86649.97257918229,94411.32947182968,0.02459394985602875,0.022629394101555553
2025-11-25 00:00:00,88229.35740719768,77606296173.43544,0.0166564375472864,87940.09163967088,100533.437055854,18.92088678164957,86783.84766839583,85051.8019295002,92036.7255045672,0.025828147504858862,0.023101040480857312
2025-11-26 00:00:00,87310.33159950442,67956444142.18749,-0.0104163266592971,87153.03055174164,99627.91436666796,20.374505585460227,88229.35740719768,84682.62429147748,92819.759215009,0.025069123577027126,0.02268896032975858
2025-11-27 00:00:00,90474.22677969698,69690430587.90018,0.0362373515508502,87026.02317927928,98837.62877838894,30.369551865037423,87310.33159950442,86783.84766839583,91363.27838693369,0.029799341420377885,0.025990156975820022
2025-11-28 00:00:00,91279.06057176425,59295194347.668594,0.0088957244589336,87687.32146393383,98115.25250969459,34.43701175006515,90474.22677969698,88229.35740719768,86649.97257918229,0.019771740288770663,0.02619017365272587
2025-11-29 00:00:00,90950.37695910994,62833195066.53989,-0.0036008654185906,88529.97503959236,97478.70943305249,42.10599862563561,91279.06057176425,87310.33159950442,85051.8019295002,0.017128786789659064,0.02244574030377381
2025-11-30 00:00:00,90841.45258193676,39253888201.69327,-0.0011976242519825,89409.80765251513,96898.73234287514,39.02631040591013,90950.37695910994,90474.22677969698,84682.62429147748,0.016734547710295426,0.022110475242466426
2025-12-01 00:00:00,90406.28448571144,40334819409.84348,-0.0047904132293877,89927.29862641734,96259.81164052249,40.27997797695773,90841.45258193676,91279.06057176425,86783.84766839583,0.016156252003624045,0.02199290849311206
2025-12-02 00:00:00,86281.49519776918,92988982967.24596,-0.0456250282976088,89649.03259649899,95468.72362818943,37.12604426618463,90406.28448571144,90950.37695910994,88229.35740719768,0.024357586137669498,0.024162469628092095
2025-12-03 00:00:00,91344.73275150164,83138039128.81346,0.0586827748189435,90225.37561821289,94825.20774382901,47.23076959357097,86281.49519776918,90841.45258193676,87310.33159950442,0.03321016388115383,0.029372210478287357
2025-12-04 00:00:00,93619.43750817105,81429135004.88295,0.0249024184334483,90674.69143656633,94395.15276949278,54.109482194238986,91344.73275150164,90406.28448571144,90474.22677969698,0.031789726272982884,0.029783859930802223
2025-12-05 00:00:00,92140.70419795792,67878296355.02588,-0.0157951526902099,90797.78338316541,94078.66710866727,61.33695515260124,93619.43750817105,86281.49519776918,91279.06057176425,0.03268456077727412,0.02612729825916321
2025-12-06 00:00:00,89307.09154512963,50193142876.74388,-0.0307531039348306,90563.02832402538,93592.9715048532,58.35959846904466,92140.70419795792,91344.73275150164,90950.37695910994,0.03496358198158658,0.027153456735284284
2025-12-07 00:00:00,89244.7620814118,24818678152.49986,-0.0006979228932378,90334.92968109323,93190.37556441408,59.071778645851474,89307.09154512963,93619.43750817105,90841.45258193676,0.03496619932453808,0.02708647514332422
2025-12-08 00:00:00,90162.90714007126,33912893266.90874,0.0102879433733253,90300.16148885894,92749.26966188563,57.05099096623741,89244.7620814118,92140.70419795792,90406.28448571144,0.03522988179569373,0.02650372156189095
2025-12-09 00:00:00,90618.0535204608,45466493941.40448,0.005048044643042,90919.669820672,92360.20020768259,55.19932146192777,90162.90714007126,89307.09154512963,86281.49519776918,0.028894573095904055,0.026225631919236606
2025-12-10 00:00:00,92723.21372069632,54575121853.64529,0.0232311346188891,91116.59567341411,91960.65137782038,61.20337919179783,90618.0535204608,89244.7620814118,91344.73275150164,0.020204241726440194,0.02651797917966196
2025-12-11 00:00:00,92005.13714957412,52189659395.756485,-0.0077443020178875,90885.9813364717,91497.18685869893,53.52556753069604,92723.21372069632,90162.90714007126,93619.43750817105,0.01773968865410584,0.02505010870492882
2025-12-12 00:00:00,92494.17691640416,53232377699.4084,0.0053153528376899,90936.47743910688,91148.3002344122,52.839620678937294,92005.13714957412,90618.0535204608,92140.70419795792,0.016844085802507253,0.02498687016423861
2025-12-13 00:00:00,90307.26028567804,67750393558.62937,-0.0236438303862376,91079.35868775663,90774.48529078362,48.617190347926,92494.17691640416,92723.21372069632,89307.09154512963,0.014713235476963508,0.025844605986575998
2025-12-14 00:00:00,90257.4292885891,35222775785.402145,-0.0005517939192408,91224.02543163912,90458.71782054924,48.741051854399515,90307.26028567804,92005.13714957412,89244.7620814118,0.01470939385169823,0.02584326188319087
2025-12-15 00:00:00,88230.77409367911,33808538697.04244,-0.0224541648358936,90948.00642501167,90251.19716759343,45.611479806798656,90257.4292885891,92494.17691640416,90162.90714007126,0.01660881882416956,0.026509700622936467
2025-12-16 00:00:00,86413.9190195637,50630498834.055145,-0.0205920790424705,90347.41578202638,89948.05079494914,50.29455736367867,88230.77409367911,90307.26028567804,90618.0535204608,0.017355975031568008,0.02402620983034228
2025-12-17 00:00:00,87821.88919109134,48317754254.70281,0.0162933262083493,89647.22656351137,89728.40278559121,40.64227121516149,86413.9190195637,90257.4292885891,92723.21372069632,0.015460895468274971,0.018037405453639105
2025-12-18 00:00:00,86064.94716216,48886793507.656334,-0.0200057416791435,88798.62799388077,89529.34350751097,29.365420110623475,87821.88919109134,88230.77409367911,92005.13714957412,0.01615558716019037,0.016703775766155542
2025-12-19 00:00:00,85450.3312009302,58649139178.511856,-0.0071413041138775,87792.36432024164,89283.69590704168,30.820310203434033,86064.94716216,86413.9190195637,92494.17691640416,0.01490516928793799,0.016466334978573423
2025-12-20 00:00:00,88103.86075721023,51932451056.500565,0.0310534730408529,87477.59295903196,89175.04865271757,46.51464012398127,85450.3312009302,87821.88919109134,90307.26028567804,0.02053994043543782,0.017361954290439133
2025-12-21 00:00:00,88347.94310567998,17103607834.780054,0.0027703933331861,87204.80921861636,89231.64767026747,47.429281869866166,88103.86075721023,86064.94716216,90257.4292885891,0.02065324180968419,0.017388687990333274
2025-12-22 00:00:00,88577.42038358838,22541294542.323105,0.0025974263784942,87254.33011717485,89349.16828540376,45.26841786697337,88347.94310567998,85450.3312009302,88230.77409367911,0.01877914405106329,0.01713859453903466
2025-12-23 00:00:00,88491.12020788102,41948947368.21024,-0.0009742909122171,87551.07314407731,89476.11814928387,43.50968981993798,88577.42038358838,88103.86075721023,86413.9190195637,0.016380808477869217,0.01704692708513382
2025-12-24 00:00:00,87406.43636737975,46353794741.51,-0.0122575444626891,87491.72274068995,89496.87110591667,32.69838659904471,88491.12020788102,88347.94310567998,87821.88919109134,0.016222037241874824,0.0156588991633251
2025-12-25 00:00:00,87642.60888119951,29100645180.040016,0.0027020036925782,87717.102986267,89477.31282171674,35.34399214159994,87406.43636737975,88577.42038358838,86064.94716216,0.013772021899625278,0.015720416340557326
2025-12-26 00:00:00,87229.78066010943,22773603342.32636,-0.0047103597937125,87971.31005186404,89474.62779040357,32.22311732862242,87642.60888119951,88491.12020788102,85450.3312009302,0.013511313470865026,0.015522460277370823
2025-12-27 00:00:00,87305.95655961394,47130449135.78671,0.0008732785859146,87857.3237379217,89369.01878306745,38.180231831692076,87229.78066010943,87406.43636737975,88103.86075721023,0.0055422644893007075,0.014492557393071313
2025-12-28 00:00:00,87807.003210775,15670944599.660688,0.0057389744171572,87780.04661007815,89253.28353770117,40.680901895222796,87305.95655961394,87642.60888119951,88347.94310567998,0.005999093298569566,0.01464808841385749
2025-12-29 00:00:00,87822.90829076794,17428479525.19913,0.0001811368047119,87672.25916824664,89149.03458208978,48.168802149729046,87807.003210775,87229.78066010943,88577.42038358838,0.00583414616505314,0.013396410273786767
2025-12-30 00:00:00,87156.56266080117,53957962807.98879,-0.0075873783154687,87481.6080900924,89026.2049180519,53.718395940125305,87822.90829076794,87305.95655961394,88491.12020788102,0.006306547334730441,0.01228173434993284
2025-12-31 00:00:00,88414.62856073362,39734225800.079216,0.0144345515876829,87625.6355462858,88959.81638721933,53.01305947482246,87156.56266080117,87807.003210775,87406.43636737975,0.007185800900791032,0.012108806344220072
2025-12-31 06:32:00,88435.87981632637,38933520215.25612,0.0002403590439579,87738.95996558965,89031.62920783789,64.63451896118337,88414.62856073362,87822.90829076794,87642.60888119951,0.0071866419039860316,0.010577382825672351
